Target,GT_Period,Rec_Period,Period_Err_Abs,Period_Err_Pct,GT_Radius,Rec_Radius,Radius_Err_Abs,Radius_Err_Pct,TLS_SDE,CNN_Conf,FP_Risk,PLI,Runtime
Kepler-10,0.837491,0.8374721818334877,1.8818166512279966e-05,0.0022469694017344622,1.47,1.459,0.010999999999999899,0.7482993197278843,0,36.70169115066528,0,71.1,28.66684103012085
Kepler-22,289.8623,12.935091420954432,276.92720857904555,95.53750473209021,2.38,1.296,1.0839999999999999,45.54621848739495,0,0.0,0,55.6,29.103635549545288
Kepler-452,384.843,0.0,0,0,1.63,0.0,0,0,0.0,0.0,0.0,0.0,4.998554229736328
Kepler-90,7.008151,12.415316842247215,5.407165842247215,77.1553843838013,1.31,4.509,3.1990000000000003,244.19847328244276,0,36.70073747634888,0,69.2,29.612476348876953
TRAPPIST-1,1.51087,0.0,0,0,1.116,0.0,0,0,0.0,0.0,0.0,0.0,192.02545809745789
Kepler-13,1.763588,1.7635013065876077,8.669341239220252e-05,0.004915740660074945,16.5,23.105,6.605,40.03030303030303,0,36.701127886772156,0,81.0,63.44775080680847
